Metric,rate_t,rate_a,rate_v,ave_chan_t,ave_chan_a,ave_chan_v,velocity_t,velocity_a,velocity_v
0,0.2870100421120829,0.24003887269193394,0.47295108519598317,0.0001424999999999999,-0.0006274999999999999,0.0004299999999999998,0.0009539233781368198,-0.0003585509599253967,0.0008516579783934721
1,0.22570532915360503,0.20626959247648904,0.568025078369906,-0.000282,-0.00022800000000000015,0.0006080000000000003,-0.00018525694975340625,-0.00039790258255286836,0.0003433314702109791
2,0.18542829012143094,0.16672136527732195,0.6478503446012471,-0.00028800000000000006,-0.0001820000000000001,0.00021600000000000007,-0.00032493934787463557,-0.00025973568186900243,0.00030158979219488744
3,0.1581147852527556,0.137210186240973,0.7046750285062714,-0.00036600000000000006,-0.000282,-0.00016799999999999983,-0.00044047434473809966,-0.000284486216120115,-0.000247667813434982
