Metric,rate_t,rate_a,rate_v,ave_chan_t,ave_chan_a,ave_chan_v,velocity_t,velocity_a,velocity_v
0,0.2870100421120829,0.24003887269193394,0.47295108519598317,0.0002250000000000002,-0.0003849999999999999,0.0007050000000000001,0.001003734343563244,-0.0002937393080320815,0.0008088282988742506
1,0.22570532915360503,0.20626959247648904,0.568025078369906,-0.000282,-0.00022800000000000015,0.0006080000000000003,-0.0001850002352347389,-0.00039756855786819516,0.00034311073567053544
2,0.18542829012143094,0.16672136527732195,0.6478503446012471,-0.00028800000000000006,-0.0001820000000000001,0.00021600000000000007,-0.0003249380248257139,-0.0002597339603808641,0.0003015886545786856
3,0.1581147852527556,0.137210186240973,0.7046750285062714,-0.00036600000000000006,-0.000282,-0.00016799999999999983,-0.00044047433791940307,-0.0002844862072479521,-0.0002476678192980002
