VAD_type,happy,sad,neutral,angry,excited,frustrated
Valence,0.19442217190394845,0.42348463651517604,0.30295241980117105,0.45652136249305886,0.15356102372371566,0.41771108608069885
Arousal,0.40848512730949127,0.39673480888017615,0.27279278980364974,0.22893853794552405,0.30924504369349914,0.1989468550192699
Dominance,0.4504026133714332,0.38726993433819557,0.2941040382777035,0.18227188928306154,0.3453574885409122,0.18341281837176415
