VAD_type,happy,sad,neutral,angry,excited,frustrated
Valence,0.10078359440660192,0.40958134354366005,0.3220688400912194,0.4587499194234296,0.07955715097060198,0.41730977343949943
Arousal,0.33887638353132943,0.3374288379433685,0.2435023395706549,0.23546236055989933,0.2680299158952967,0.18049893564446734
Dominance,0.38762396611458705,0.3437663437366709,0.27151670127532423,0.17781474331555935,0.3149755823603259,0.15626397529613117
