Metric,rate_t,rate_a,rate_v,ave_chan_t,ave_chan_a,ave_chan_v,velocity_t,velocity_a,velocity_v
0,0.3305455993628037,0.32497013142174436,0.344484269215452,-8.666666666666637e-05,-0.00021333333333333298,0.00015666666666666653,0.0005821806828502259,0.00015068019510174822,0.00012013548540701379
1,0.3014705882352941,0.3041795665634675,0.3943498452012384,-0.00011399999999999994,-8.399999999999991e-05,0.000272,0.00014028847901560458,-0.0003864847838894492,-0.0001773283116073514
2,0.27847082494969816,0.2869215291750503,0.4346076458752515,-0.0001519999999999999,-0.00010800000000000004,8.000000000000007e-05,-0.0003636298533783573,0.0002602020722392779,-9.02126257126334e-05
3,0.2684042066758116,0.2665752171925011,0.46502057613168724,-0.00022400000000000002,-0.000256,-0.00011599999999999999,-0.0006070645926950975,-0.000390864406504196,-0.0009014141495478832
