Metric,rate_t,rate_a,rate_v,ave_chan_t,ave_chan_a,ave_chan_v,velocity_t,velocity_a,velocity_v
0,0.365,0.38375000000000004,0.25125000000000003,-0.00017000000000000026,-5.666666666666644e-05,-5.000000000000004e-05,0.00017074426773463878,0.0005518920652984093,-4.948133727885823e-05
1,0.3563032022699635,0.38184029185245233,0.2618565058775841,-2.5999999999999914e-05,6.8e-05,9.600000000000011e-05,-1.1963279115462426e-05,6.887403647890607e-05,-0.0006448211371181307
2,0.3491539413949649,0.36359884440775897,0.2872472141972761,-3.400000000000014e-05,-1.4000000000000123e-05,3.3999999999999864e-05,-5.4366189584378254e-05,0.0004159253614909143,-6.578042601015346e-05
3,0.33727810650887574,0.3604915794264907,0.3022303140646336,-0.0001680000000000001,-0.00020199999999999995,-6.200000000000011e-05,-0.0008665806703342406,-1.4125120747390091e-05,-0.0004557859450826309
