,Valence,Valence,Arousal,Arousal,Dominance,Dominance
,mean,std,mean,std,mean,std
Label,,,,,,
angry,1.9267602357984996,0.5254554491787276,3.607895391211147,0.6929930174714203,3.919435262593783,0.654370234457899
excited,3.9618150943396224,0.6420047388541036,3.609276819407008,0.6245638424813583,3.414981940700809,0.7590157706920531
frustrated,2.2890547002724797,0.535853706557429,3.1281781335149863,0.6432305799077681,3.262602384196185,0.70692770409359
happy,3.936342261904762,0.4877122388989351,3.133267261904762,0.611369110475969,2.9054228174603174,0.6670903211080953
neutral,2.9824268329554044,0.5111699068107568,2.730600529100529,0.5441717956252716,2.82205865457294,0.6278023142441831
sad,2.311282955899881,0.5950026528954212,2.52224862932062,0.6159362295703049,2.881406197854589,0.8060818472539124
