,Valence,Arousal,Dominance
count,5809.0,5809.0,5809.0
mean,2.748579789981064,3.089057169908762,3.2011820451024273
std,0.9016606161157074,0.7347782171087026,0.7970024832513162
min,1.0,1.0,0.5
25%,2.0,2.5,2.5
50%,2.5,3.0,3.0
75%,3.5,3.5,4.0
max,5.5,5.0,5.0
