VAD_type,happy,sad,neutral,angry,excited,frustrated
Valence,0.9750591584512004,0.6004405581368398,0.7331058172031757,0.5464055142928965,0.9859230529220775,0.5938713082515785
Arousal,0.7543132133330029,0.7623309548786974,0.8634992571179841,0.8832912372358291,0.8289606996532385,0.9204126470203982
Dominance,0.6784968827191682,0.7457857612657076,0.8254124399553716,0.9361404212899889,0.7624516906807695,0.9393160447867194
