VAD_type,happy,sad,neutral,angry,excited,frustrated
Valence,0.22474774078660115,0.47663445691302886,0.31982605230100225,0.49677687168484624,0.19866528537362538,0.44201305522959355
Arousal,0.4418949154669635,0.44109644894210787,0.3438461847938898,0.2650605657703202,0.3513713762319752,0.2347197475822063
Dominance,0.48968856128687366,0.4300020317038161,0.366044356055167,0.21314692045746617,0.3862601566429963,0.22194948462950395
