VAD_type,happy,sad,neutral,angry,excited,frustrated
Valence,0.10606858068712594,0.4364134674441273,0.29635235953247063,0.44833013594552346,0.08044767070006627,0.40662655795250047
Arousal,0.3274707389476525,0.3565846852917124,0.2534241782147925,0.24443673528262116,0.26487889095769873,0.17639910057517932
Dominance,0.37434858788342645,0.3563236401504354,0.2808205244528012,0.18867029441008248,0.3136189736417698,0.15066955053214864
