VAD_type,happy,sad,neutral,angry,excited,frustrated
Valence,0.21454784183357473,0.42838475897682776,0.3043618314125323,0.48977745142433404,0.1800186790573855,0.4327496037290659
Arousal,0.43109856881027353,0.43153122076760086,0.3171326613260863,0.24682709621651855,0.3300399000526471,0.21418953728226578
Dominance,0.47582414557781927,0.42980258879944566,0.34030321918604967,0.2007104431181306,0.36435170486651586,0.19925308249184887
