VAD_type,happy,sad,neutral,angry,excited,frustrated
Valence,0.11486315693792237,0.38456017530502234,0.2885812255390455,0.43384526342775476,0.09006573586271541,0.38842902319471495
Arousal,0.3237258712734169,0.3639436872466842,0.27463165034371606,0.22282487973601017,0.2516142253411848,0.16907942172800056
Dominance,0.3679463060175121,0.3728588623473201,0.30574321059162674,0.17373169500709057,0.2954860595195362,0.15261874374399892
