Metric,rate_t,rate_a,rate_v,ave_chan_t,ave_chan_a,ave_chan_v,velocity_t,velocity_a,velocity_v
0,0.2870100421120829,0.24003887269193394,0.47295108519598317,0.00022666666666666668,-0.0003866666666666666,0.00063,0.0019160847134652216,-0.00036500100551707475,0.0008883089543450071
1,0.22570532915360503,0.20626959247648904,0.568025078369906,-0.000282,-0.00022800000000000015,0.0006080000000000003,-5.651543538952861e-05,-0.0007147388816421858,0.0001108415966686704
2,0.18542829012143094,0.16672136527732195,0.6478503446012471,-0.00028800000000000006,-0.0001820000000000001,0.00021600000000000007,-0.00035642987948017625,-0.0001617539202864897,0.0004638775526148522
3,0.1581147852527556,0.137210186240973,0.7046750285062714,-0.00036600000000000006,-0.000282,-0.00016799999999999983,-0.0006341141081385464,-0.00031026256122850367,-0.0004208320811831543
