Metric,rate_t,rate_a,rate_v,ave_chan_t,ave_chan_a,ave_chan_v,velocity_t,velocity_a,velocity_v
0,0.2870100421120829,0.24003887269193394,0.47295108519598317,0.00022666666666666668,-0.0003866666666666666,0.00063,0.00010284521118325358,-0.00010799816915592239,0.00020098058867161895
1,0.22570532915360503,0.20626959247648904,0.568025078369906,-0.000282,-0.00022800000000000015,0.0006080000000000003,-5.7304501510085046e-05,-0.00014004845593746003,0.0003822253492274159
2,0.18542829012143094,0.16672136527732195,0.6478503446012471,-0.00028800000000000006,-0.0001820000000000001,0.00021600000000000007,-0.00015626171480669535,-0.00019803048478489075,0.000352812081333775
3,0.1581147852527556,0.137210186240973,0.7046750285062714,-0.00036600000000000006,-0.000282,-0.00016799999999999983,-0.00021631939584856324,-0.0002348159403300183,0.00012531665530278327
