Metric,rate_t,rate_a,rate_v,ave_chan_t,ave_chan_a,ave_chan_v,velocity_t,velocity_a,velocity_v
0,0.2870100421120829,0.24003887269193394,0.47295108519598317,0.00022666666666666668,-0.0003866666666666666,0.00063,0.002717449411535008,-0.00041884039214515193,0.0008844244030008061
1,0.22570532915360503,0.20626959247648904,0.568025078369906,-0.000282,-0.00022800000000000015,0.0006080000000000003,0.00016070670302633836,-0.0010782654112273652,-0.0001667371930245355
2,0.18542829012143094,0.16672136527732195,0.6478503446012471,-0.00028800000000000006,-0.0001820000000000001,0.00021600000000000007,-0.0004571461330887828,7.300839314054145e-06,0.0008050685375845688
3,0.1581147852527556,0.137210186240973,0.7046750285062714,-0.00036600000000000006,-0.000282,-0.00016799999999999983,-0.0009608482423713364,-0.0004171803289721729,-0.0006428452139613883
