VAD_type,happy,sad,neutral,angry,excited,frustrated
Valence,0.4181284545099721,0.2719567691336243,0.27139898414570096,0.1991819313488276,0.39614573519621676,0.10529010551589853
Arousal,0.27210686230571157,0.22124787493578077,0.12400202050223136,0.4142364434740134,0.35002760627490787,0.28323293825821316
Dominance,0.23400160810767384,0.23061183089391138,0.15588312356368667,0.39113221286971067,0.2825883715197374,0.271441923476825
