VAD_type,happy,sad,neutral,angry,excited,frustrated
Valence,0.5275445887991842,0.34652195383255174,0.33614197864296036,0.19996812213137377,0.48397737911351635,0.14056055804632434
Arousal,0.40418315281316747,0.24724582727427658,0.18027744385808003,0.4195120757640346,0.44942107654588775,0.2508373822212038
Dominance,0.3505016739244567,0.27488906585344286,0.1813502131183421,0.43523278192678716,0.40064552141398824,0.2791783013300172
