VAD_type,happy,sad,neutral,angry,excited,frustrated
Valence,0.4612653153476902,0.23913020674000662,0.2491976580045665,0.1840400379519306,0.4358881594001882,0.11240053466523336
Arousal,0.3277937684724972,0.22058365045581607,0.12803890576913537,0.346048499036567,0.3708948336641558,0.2431897612411428
Dominance,0.27864264288384577,0.22896547466060982,0.16031435366918545,0.3543794249971503,0.3026036029827539,0.25460383112905427
