VAD_type,happy,sad,neutral,angry,excited,frustrated
Valence,0.5078333917228854,0.30970887516153556,0.30990231388716055,0.17247303175669537,0.4650257190979407,0.13587370178388686
Arousal,0.3964804341399911,0.25120077012782094,0.18172775896044946,0.33921442237181293,0.41211734279162165,0.22432226848687448
Dominance,0.34627184115266374,0.2841544718954041,0.18004414522615597,0.3659474020068761,0.3607683825012929,0.24992364957916727
