Metric,rate_t,rate_a,rate_v,ave_chan_t,ave_chan_a,ave_chan_v,velocity_t,velocity_a,velocity_v
0,0.2703273495248152,0.2837029215065118,0.445969728968673,-0.0005000000000000004,-0.0005099999999999994,-3.999999999999837e-05,-8.488507828903373e-05,-0.00020277000594400368,0.00015602395195043025
1,0.26481061832308195,0.2415021042408547,0.4936872774360635,-7.666666666666655e-05,-0.00023999999999999992,0.0006866666666666669,0.00012671251519876032,-0.00018002219471760015,0.0006194465491268326
2,0.22931739540736085,0.21484743630072353,0.5558351682919157,-0.00016666666666666636,-0.00019666666666666674,0.0005100000000000003,-0.00023806886675355676,-0.00022365454361795864,0.0005940952924859571
3,0.2084649399873658,0.19267214150347442,0.5988629185091598,-0.0002466666666666668,-0.0002699999999999999,0.0005466666666666665,-0.0002082321872602565,-0.00013135461963497308,0.00037802392742827806
4,0.18542829012143094,0.16672136527732195,0.6478503446012471,-0.00022666666666666644,-0.00021333333333333344,0.0,-0.0003029941999722337,-0.00026717100425381374,0.0002976020308660107
5,0.178117048346056,0.143584151217739,0.6782988004362049,-0.00036333333333333335,-0.0003566666666666667,-0.00024000000000000039,-0.0002659370217670046,-0.0004035653422327501,-0.00023563100405154201
