Metric,rate_t,rate_a,rate_v,ave_chan_t,ave_chan_a,ave_chan_v,velocity_t,velocity_a,velocity_v
0,0.26481061832308195,0.2415021042408547,0.4936872774360635,0.0,-0.00027749999999999997,0.0006350000000000001,0.00012671251519876032,-0.00018002219471760015,0.0006194465491268326
1,0.2084649399873658,0.19267214150347442,0.5988629185091598,-0.00019833333333333324,-0.00022000000000000006,0.00047000000000000004,-0.0002082321872602565,-0.00013135461963497308,0.00037802392742827806
2,0.178117048346056,0.143584151217739,0.6782988004362049,-0.0002383333333333332,-0.000295,-0.00018000000000000007,-0.0002659370217670046,-0.0004035653422327501,-0.00023563100405154201
