Metric,rate_t,rate_a,rate_v,ave_chan_t,ave_chan_a,ave_chan_v,velocity_t,velocity_a,velocity_v
0,0.2740892066734763,0.26115083418454205,0.46475995914198165,-6.499999999999978e-05,-0.0004499999999999997,0.00047000000000000096,7.687181976777477e-05,-0.00027901968657212785,0.00046751217245203616
1,0.23836477987421384,0.21603773584905658,0.5455974842767295,-6.499999999999978e-05,-0.00021250000000000018,0.0009874999999999994,-0.0001421175456731628,-0.0003267912727068964,0.0007989991869001269
2,0.2084649399873658,0.19267214150347442,0.5988629185091598,-0.0002499999999999999,-0.0001125000000000001,0.0005124999999999997,-0.0002082321872602565,-0.00013135461963497308,0.00037802392742827806
3,0.18929058663028647,0.1548431105047749,0.6558663028649385,-0.00019499999999999986,-0.00029499999999999996,-0.00012749999999999985,-0.0002086620658486884,-0.00038593567732487935,6.70170625270752e-05
4,0.1581147852527556,0.137210186240973,0.7046750285062714,-0.0003025,-0.00026,-0.00027499999999999953,-0.00035812854738029965,-0.0002842413951978128,-0.00016669710497931657
