VAD_type,happy,sad,neutral,angry,excited,frustrated
Valence,0.4461152225901852,0.24522312548194428,0.281691862073191,0.18971040975700126,0.42909955888421153,0.11468863829968767
Arousal,0.30419207990375263,0.23752800776392852,0.13696824536995245,0.3644137155806486,0.35718158833161695,0.2600908095834001
Dominance,0.2619320417415524,0.2511964512819773,0.16365785928324278,0.3641637691814332,0.2883648241302906,0.26062192149735536
