VAD_type,happy,sad,neutral,angry,excited,frustrated
Valence,0.5440817886639759,0.3407768303458863,0.3795980281689215,0.20475744049568761,0.5089529473882043,0.16297951491649437
Arousal,0.41766604042440997,0.28268042512256003,0.22148452133421093,0.39351641444834257,0.4707056754225277,0.2608382450688969
Dominance,0.36638936626343616,0.3204603681196774,0.21590753925926065,0.42415230714000074,0.42225707940812796,0.2854980188901573
